id_asistencia,id_inscripcion,fecha,estado_asistencia,tipo_clase
1.0,848.0,01/03/2023,Justificado,Teórica
2.0,274.0,02/03/2023,Presente,Laboratorio
3.0,472.0,03/03/2023,Ausente,Taller
4.0,372.0,04/03/2023,Presente,Teórica
5.0,431.0,05/03/2023,Ausente,Ayudantía
6.0,539.0,06/03/2023,justificado,Taller
7.0,348.0,2023-03-07,Presente,Ayudantía
8.0,71.0,08/03/2023,Tardanza,Laboratorio
9.0,,2023-03-09,Justificado,Ayudantía
10.0,731.0,,Justificado,Taller
11.0,802.0,2023-03-11,Ausente,Laboratorio
12.0,256.0,2023-03-13,JUSTIFICADO,Taller
13.0,103.0,14/03/2023,Tardanza,Laboratorio
14.0,,2023-03-15,  Justificado  ,Teórica
15.0,670.0,16/03/2023,Presente,Ayudantía
16.0,860.0,17/03/2023,  Ausente  ,Ayudantía
17.0,140.0,2023-03-18,Presente,Teórica
18.0,655.0,19/03/2023,Tardanza,Teórica
19.0,621.0,20/03/2023,Tardanza,Ayudantía
20.0,423.0,2023-03-21,Presente,Teórica
21.0,871.0,2023-03-22,Justificado,Laboratorio
22.0,832.0,23/03/2023,Tardanza,Ayudantía
23.0,64.0,25/03/2023,PRESENTE,Taller
24.0,271.0,2023-03-26,Presente,Teórica
25.0,698.0,2023-03-27,  Presente  ,Laboratorio
26.0,868.0,2023-03-28,Justificado,Ayudantía
27.0,835.0,2023-03-29,PRESENTE,Ayudantía
28.0,513.0,2023-03-30,Ausente,Laboratorio
29.0,7.0,2023-03-31,  Presente  ,Teórica
30.0,393.0,01/04/2023,  Presente  ,Ayudantía
31.0,1.0,02/04/2023,Presente,Teórica
32.0,261.0,03/04/2023,Presente,Laboratorio
33.0,47.0,04/04/2023,Presente,Taller
34.0,868.0,06/04/2023,Presente,Laboratorio
35.0,778.0,,Ausente,Teórica
36.0,2.0,2023-04-08,PRESENTE,Ayudantía
37.0,535.0,09/04/2023,AUSENTE,Teórica
38.0,359.0,,Presente,Teórica
39.0,477.0,2023-04-11,Presente,Taller
40.0,422.0,2023-04-12,Presente,Ayudantía
41.0,815.0,13/04/2023,Justificado,Taller
42.0,596.0,14/04/2023,Presente,Taller
43.0,204.0,2023-04-15,Presente,Laboratorio
44.0,227.0,2023-04-17,tardanza,Laboratorio
45.0,764.0,2023-04-18,  Ausente  ,Ayudantía
46.0,817.0,19/04/2023,Presente,Taller
47.0,151.0,20/04/2023,Ausente,Taller
48.0,247.0,2023-04-21,Justificado,Teórica
49.0,818.0,2023-04-22,JUSTIFICADO,Teórica
50.0,17.0,23/04/2023,  Presente  ,Laboratorio
51.0,304.0,24/04/2023,Presente,Taller
52.0,889.0,2023-04-25,Ausente,
53.0,,2023-04-26,Presente,Taller
54.0,197.0,2023-04-27,Tardanza,Laboratorio
55.0,446.0,2023-04-29,Presente,Ayudantía
56.0,341.0,30/04/2023,  Presente  ,Taller
57.0,781.0,2023-05-01,Tardanza,Teórica
58.0,61.0,,Presente,Taller
59.0,267.0,03/05/2023,Presente,Laboratorio
60.0,97.0,04/05/2023,Ausente,Laboratorio
61.0,283.0,2023-05-05,Presente,Taller
62.0,,06/05/2023,,
63.0,35.0,2023-05-07,PRESENTE,Teórica
64.0,786.0,08/05/2023,Presente,Teórica
65.0,469.0,09/05/2023,Presente,Teórica
66.0,,11/05/2023,Ausente,Taller
67.0,189.0,2023-05-12,Presente,Laboratorio
68.0,41.0,2023-05-13,Presente,Teórica
69.0,608.0,2023-05-14,Justificado,Ayudantía
70.0,683.0,15/05/2023,TARDANZA,
71.0,67.0,2023-05-16,Ausente,Laboratorio
72.0,308.0,17/05/2023,  Presente  ,Ayudantía
73.0,119.0,2023-05-18,Presente,Laboratorio
74.0,853.0,19/05/2023,ausente,Teórica
75.0,683.0,20/05/2023,JUSTIFICADO,Laboratorio
76.0,186.0,2023-05-22,Justificado,Teórica
77.0,70.0,2023-05-23,Tardanza,Teórica
78.0,757.0,2023-05-24,Justificado,Teórica
79.0,671.0,2023-05-25,presente,Taller
80.0,284.0,26/05/2023,,Laboratorio
81.0,619.0,2023-05-27,Justificado,Ayudantía
82.0,548.0,28/05/2023,Justificado,Taller
83.0,348.0,2023-05-29,Tardanza,Taller
84.0,195.0,2023-05-30,Presente,Taller
85.0,780.0,31/05/2023,Ausente,Taller
86.0,484.0,2023-06-01,Presente,Teórica
87.0,588.0,03/06/2023,Presente,Teórica
88.0,280.0,04/06/2023,Presente,Ayudantía
89.0,833.0,2023-06-05,Tardanza,Laboratorio
90.0,348.0,2023-06-06,Tardanza,Ayudantía
91.0,592.0,07/06/2023,Justificado,Laboratorio
92.0,478.0,2023-06-08,Presente,Teórica
93.0,,2023-06-09,Presente,Laboratorio
94.0,282.0,2023-06-10,AUSENTE,Laboratorio
95.0,,11/06/2023,Presente,Taller
96.0,419.0,2023-06-12,Presente,Ayudantía
97.0,223.0,2023-06-13,Justificado,Taller
98.0,252.0,2023-06-15,presente,
99.0,80.0,16/06/2023,Presente,
100.0,826.0,17/06/2023,Presente,Taller
101.0,682.0,18/06/2023,Tardanza,Teórica
102.0,413.0,2023-06-19,Justificado,Ayudantía
103.0,669.0,20/06/2023,,Taller
104.0,393.0,21/06/2023,Justificado,Ayudantía
105.0,334.0,22/06/2023,Presente,Taller
,889.0,23/06/2023,Tardanza,Teórica
107.0,328.0,2023-06-24,Presente,Taller
108.0,2.0,26/06/2023,PRESENTE,Laboratorio
109.0,203.0,2023-06-27,Presente,Teórica
110.0,258.0,28/06/2023,Justificado,Ayudantía
111.0,763.0,29/06/2023,tardanza,Laboratorio
112.0,367.0,30/06/2023,  Presente  ,Laboratorio
113.0,146.0,2023-07-01,Presente,Teórica
114.0,837.0,02/07/2023,justificado,Ayudantía
115.0,378.0,03/07/2023,Presente,Teórica
116.0,441.0,04/07/2023,Justificado,
117.0,455.0,05/07/2023,Presente,Teórica
118.0,407.0,06/07/2023,Presente,Teórica
119.0,787.0,08/07/2023,  Presente  ,Taller
120.0,19.0,2023-07-09,Presente,Taller
121.0,,10/07/2023,Justificado,Ayudantía
122.0,433.0,11/07/2023,Tardanza,Teórica
123.0,429.0,2023-07-12,Presente,Taller
124.0,252.0,2023-07-13,Justificado,Ayudantía
125.0,796.0,14/07/2023,Ausente,Ayudantía
126.0,843.0,2023-07-15,Presente,Taller
127.0,562.0,16/07/2023,Presente,Taller
128.0,823.0,17/07/2023,Ausente,Ayudantía
129.0,649.0,2023-07-18,Presente,Laboratorio
130.0,738.0,2023-07-20,PRESENTE,Taller
131.0,221.0,2023-07-21,Tardanza,Laboratorio
132.0,113.0,2023-07-22,Ausente,Ayudantía
133.0,149.0,23/07/2023,Presente,Teórica
134.0,560.0,24/07/2023,presente,Laboratorio
135.0,58.0,25/07/2023,presente,Laboratorio
136.0,197.0,2023-07-26,Presente,Laboratorio
137.0,737.0,2023-07-27,,Laboratorio
138.0,649.0,2023-07-28,Presente,Laboratorio
,707.0,2023-07-29,Presente,Laboratorio
140.0,718.0,30/07/2023,Ausente,
141.0,18.0,01/08/2023,Presente,Teórica
142.0,780.0,2023-08-02,  Presente  ,Teórica
143.0,215.0,03/08/2023,,Laboratorio
144.0,718.0,2023-08-04,  Presente  ,Ayudantía
145.0,636.0,05/08/2023,Presente,Taller
146.0,16.0,06/08/2023,  Presente  ,Laboratorio
147.0,677.0,2023-08-07,PRESENTE,Teórica
148.0,660.0,08/08/2023,Presente,Ayudantía
149.0,788.0,09/08/2023,Justificado,Ayudantía
150.0,399.0,,Presente,Laboratorio
151.0,233.0,2023-08-12,Presente,Teórica
152.0,25.0,,Presente,Taller
153.0,401.0,2023-08-14,  Tardanza  ,Taller
154.0,780.0,2023-08-15,Tardanza,Teórica
155.0,,2023-08-16,presente,Teórica
156.0,295.0,17/08/2023,Presente,Ayudantía
157.0,437.0,2023-08-18,PRESENTE,Laboratorio
158.0,71.0,2023-08-19,PRESENTE,Laboratorio
159.0,,20/08/2023,  Presente  ,Laboratorio
160.0,559.0,2023-08-21,Presente,
161.0,25.0,2023-08-22,presente,Taller
162.0,725.0,24/08/2023,  Presente  ,Taller
163.0,374.0,25/08/2023,Presente,Laboratorio
164.0,545.0,26/08/2023,TARDANZA,Teórica
165.0,458.0,27/08/2023,PRESENTE,
166.0,214.0,2023-08-28,Ausente,Laboratorio
167.0,211.0,2023-08-29,  Presente  ,Laboratorio
168.0,541.0,30/08/2023,Presente,Teórica
169.0,771.0,,  Justificado  ,Teórica
170.0,39.0,01/09/2023,PRESENTE,Taller
,260.0,02/09/2023,Presente,Ayudantía
172.0,677.0,03/09/2023,Presente,Ayudantía
173.0,95.0,2023-09-05,Presente,Laboratorio
174.0,390.0,,Presente,Ayudantía
175.0,220.0,07/09/2023,Presente,Ayudantía
176.0,268.0,08/09/2023,  Presente  ,Ayudantía
177.0,494.0,2023-09-09,  Presente  ,Taller
178.0,630.0,2023-09-10,Presente,Taller
179.0,66.0,11/09/2023,Presente,Teórica
180.0,387.0,12/09/2023,JUSTIFICADO,Laboratorio
181.0,193.0,13/09/2023,Presente,Ayudantía
182.0,320.0,2023-09-14,Ausente,Teórica
183.0,547.0,2023-09-16,Tardanza,Taller
184.0,175.0,2023-09-17,Presente,Ayudantía
185.0,,18/09/2023,Presente,Laboratorio
186.0,308.0,2023-09-19,Presente,Ayudantía
187.0,802.0,20/09/2023,PRESENTE,Taller
188.0,340.0,21/09/2023,Ausente,Ayudantía
189.0,80.0,22/09/2023,Presente,Ayudantía
190.0,478.0,2023-09-23,Presente,Ayudantía
191.0,,2023-09-24,Presente,Ayudantía
192.0,487.0,25/09/2023,  Ausente  ,Taller
193.0,453.0,2023-09-26,PRESENTE,Teórica
,413.0,28/09/2023,Justificado,Ayudantía
195.0,604.0,2023-09-29,Ausente,Laboratorio
196.0,186.0,,presente,Ayudantía
197.0,553.0,01/10/2023,Presente,
198.0,87.0,02/10/2023,Presente,Laboratorio
199.0,224.0,2023-10-03,Presente,Ayudantía
200.0,51.0,04/10/2023,Justificado,Ayudantía
201.0,126.0,05/10/2023,Presente,Laboratorio
202.0,146.0,06/10/2023,PRESENTE,Taller
203.0,41.0,2023-10-07,Presente,Teórica
204.0,355.0,08/10/2023,Presente,Laboratorio
205.0,445.0,2023-10-10,Presente,Taller
206.0,363.0,11/10/2023,Presente,Teórica
207.0,536.0,2023-10-12,Presente,Teórica
208.0,,13/10/2023,Presente,Teórica
209.0,284.0,2023-10-14,Presente,Ayudantía
210.0,36.0,15/10/2023,Presente,Ayudantía
211.0,277.0,16/10/2023,Presente,Laboratorio
212.0,696.0,17/10/2023,Presente,Ayudantía
213.0,325.0,2023-10-18,PRESENTE,Taller
214.0,666.0,19/10/2023,Presente,Teórica
215.0,182.0,2023-10-21,Presente,
,471.0,,presente,Teórica
217.0,812.0,2023-10-23,Presente,Ayudantía
218.0,417.0,24/10/2023,  Presente  ,Ayudantía
219.0,666.0,2023-10-25,Presente,Ayudantía
220.0,889.0,26/10/2023,Presente,Taller
221.0,150.0,27/10/2023,Presente,Ayudantía
222.0,404.0,28/10/2023,Presente,Ayudantía
223.0,514.0,29/10/2023,Ausente,Ayudantía
224.0,809.0,30/10/2023,  Presente  ,Taller
225.0,566.0,31/10/2023,Presente,Ayudantía
226.0,441.0,2023-11-02,Presente,Laboratorio
227.0,246.0,2023-11-03,Presente,Ayudantía
228.0,46.0,2023-11-04,Presente,Laboratorio
,,,Presente,Taller
230.0,149.0,2023-11-06,Presente,Laboratorio
,406.0,07/11/2023,Justificado,Taller
232.0,3.0,2023-11-08,presente,Ayudantía
233.0,9.0,2023-11-09,Tardanza,Ayudantía
,514.0,2023-11-10,  Justificado  ,Laboratorio
235.0,238.0,11/11/2023,,Ayudantía
236.0,540.0,2023-11-12,Justificado,Laboratorio
237.0,290.0,2023-11-14,Presente,Taller
238.0,181.0,2023-11-15,Presente,
239.0,315.0,16/11/2023,Presente,Ayudantía
240.0,266.0,17/11/2023,Presente,Ayudantía
241.0,83.0,18/11/2023,Presente,Teórica
242.0,861.0,19/11/2023,Justificado,Teórica
243.0,765.0,20/11/2023,Presente,Laboratorio
244.0,258.0,2023-11-21,Presente,Teórica
,560.0,2023-11-22,Ausente,Ayudantía
246.0,646.0,2023-11-23,PRESENTE,Teórica
247.0,,24/11/2023,Presente,Laboratorio
248.0,199.0,26/11/2023,Presente,Teórica
249.0,292.0,27/11/2023,  Justificado  ,
250.0,648.0,2023-11-28,Presente,Taller
251.0,83.0,29/11/2023,ausente,Teórica
252.0,266.0,30/11/2023,Presente,Taller
253.0,417.0,2023-12-01,Tardanza,Taller
254.0,870.0,02/12/2023,Presente,Teórica
255.0,731.0,03/12/2023,Ausente,Taller
256.0,861.0,04/12/2023,  Tardanza  ,Laboratorio
257.0,19.0,05/12/2023,Presente,Laboratorio
258.0,530.0,07/12/2023,Presente,Ayudantía
259.0,371.0,08/12/2023,Presente,Laboratorio
260.0,691.0,09/12/2023,Presente,Ayudantía
261.0,23.0,2023-12-10,Justificado,Ayudantía
262.0,385.0,2023-12-11,Presente,Teórica
263.0,827.0,12/12/2023,Tardanza,Taller
264.0,756.0,2023-12-13,Ausente,Teórica
265.0,619.0,14/12/2023,Presente,Ayudantía
266.0,643.0,2023-12-15,Presente,Teórica
267.0,522.0,16/12/2023,Presente,Taller
,379.0,2023-12-17,Presente,Taller
269.0,711.0,2023-12-19,Presente,Taller
270.0,817.0,2023-12-20,Presente,Ayudantía
271.0,824.0,21/12/2023,Tardanza,Teórica
272.0,90.0,22/12/2023,Presente,Teórica
273.0,144.0,23/12/2023,Presente,Ayudantía
274.0,807.0,2023-12-24,  Presente  ,Ayudantía
275.0,621.0,25/12/2023,Ausente,Laboratorio
276.0,,26/12/2023,Presente,Teórica
277.0,204.0,27/12/2023,Presente,Taller
278.0,556.0,2023-12-28,Tardanza,Teórica
279.0,520.0,2023-12-29,Justificado,Laboratorio
280.0,392.0,2023-12-31,Ausente,Taller
281.0,301.0,01/01/2024,Tardanza,Laboratorio
282.0,505.0,2024-01-02,Presente,Ayudantía
283.0,865.0,2024-01-03,Justificado,Ayudantía
284.0,153.0,2024-01-04,Presente,Teórica
,529.0,2024-01-05,Presente,Ayudantía
286.0,339.0,,Tardanza,Ayudantía
287.0,749.0,07/01/2024,Presente,Teórica
288.0,512.0,08/01/2024,Presente,Laboratorio
289.0,335.0,09/01/2024,PRESENTE,Laboratorio
290.0,509.0,11/01/2024,Presente,Taller
291.0,56.0,2024-01-12,Presente,Taller
292.0,556.0,13/01/2024,Ausente,Laboratorio
293.0,821.0,2024-01-14,Tardanza,Ayudantía
294.0,753.0,2024-01-15,presente,Taller
295.0,551.0,16/01/2024,Justificado,Laboratorio
296.0,130.0,2024-01-17,Presente,Ayudantía
297.0,98.0,18/01/2024,Presente,Ayudantía
298.0,793.0,19/01/2024,Ausente,Laboratorio
299.0,422.0,2024-01-20,  Justificado  ,Teórica
300.0,80.0,21/01/2024,Presente,Laboratorio
301.0,288.0,23/01/2024,  Presente  ,Ayudantía
302.0,847.0,2024-01-24,Presente,Taller
303.0,746.0,25/01/2024,Tardanza,Ayudantía
304.0,846.0,2024-01-26,Presente,Ayudantía
305.0,169.0,27/01/2024,Presente,Laboratorio
306.0,79.0,2024-01-28,Justificado,Ayudantía
307.0,71.0,,presente,Teórica
308.0,263.0,,Tardanza,
309.0,712.0,2024-01-31,Tardanza,Laboratorio
310.0,723.0,01/02/2024,Presente,Teórica
311.0,530.0,2024-02-02,Presente,
312.0,785.0,04/02/2024,Presente,Teórica
313.0,210.0,2024-02-05,Tardanza,Ayudantía
314.0,117.0,2024-02-06,PRESENTE,Ayudantía
315.0,616.0,2024-02-07,Justificado,Teórica
316.0,77.0,08/02/2024,  Presente  ,Taller
317.0,315.0,,Presente,Teórica
318.0,11.0,2024-02-10,PRESENTE,Teórica
319.0,893.0,2024-02-11,Presente,Teórica
320.0,51.0,12/02/2024,PRESENTE,Taller
321.0,7.0,13/02/2024,Presente,Teórica
322.0,549.0,2024-02-15,  Presente  ,Ayudantía
323.0,261.0,16/02/2024,,Laboratorio
324.0,574.0,2024-02-17,  Presente  ,Ayudantía
325.0,512.0,,Presente,Ayudantía
326.0,200.0,19/02/2024,Presente,Teórica
327.0,330.0,2024-02-20,presente,Laboratorio
328.0,90.0,21/02/2024,,Teórica
329.0,591.0,22/02/2024,presente,Laboratorio
330.0,55.0,23/02/2024,Tardanza,Ayudantía
331.0,221.0,24/02/2024,Presente,Taller
332.0,92.0,2024-02-25,Justificado,Teórica
333.0,586.0,27/02/2024,Presente,Ayudantía
334.0,56.0,2024-02-28,Presente,Laboratorio
335.0,744.0,2024-02-29,PRESENTE,Ayudantía
336.0,179.0,01/03/2024,Presente,Ayudantía
337.0,61.0,2024-03-02,PRESENTE,Ayudantía
338.0,872.0,03/03/2024,Ausente,Taller
339.0,117.0,04/03/2024,  Presente  ,Teórica
340.0,590.0,2024-03-05,  Presente  ,Teórica
341.0,236.0,06/03/2024,Ausente,Teórica
342.0,33.0,07/03/2024,Presente,Taller
343.0,567.0,2024-03-08,  Presente  ,Taller
344.0,243.0,10/03/2024,Presente,Laboratorio
345.0,786.0,11/03/2024,  Presente  ,Teórica
346.0,74.0,2024-03-12,Presente,Laboratorio
347.0,21.0,2024-03-13,PRESENTE,Ayudantía
,865.0,2024-03-14,Presente,Laboratorio
349.0,713.0,15/03/2024,presente,Laboratorio
350.0,154.0,,,Ayudantía
351.0,254.0,17/03/2024,Tardanza,Ayudantía
352.0,207.0,18/03/2024,Tardanza,Laboratorio
,149.0,,Presente,Laboratorio
354.0,695.0,21/03/2024,Presente,Teórica
355.0,302.0,2024-03-22,Presente,Taller
356.0,297.0,2024-03-23,,Ayudantía
357.0,,,PRESENTE,Laboratorio
358.0,773.0,2024-03-25,  Presente  ,Taller
359.0,44.0,2024-03-26,Presente,Laboratorio
360.0,144.0,27/03/2024,Justificado,Teórica
361.0,244.0,28/03/2024,Justificado,Laboratorio
362.0,419.0,29/03/2024,Tardanza,Ayudantía
363.0,517.0,2024-03-30,Presente,Laboratorio
364.0,62.0,31/03/2024,,Laboratorio
365.0,,02/04/2024,Presente,Ayudantía
366.0,538.0,03/04/2024,presente,Teórica
367.0,317.0,04/04/2024,Justificado,Ayudantía
368.0,435.0,2024-04-05,Tardanza,Laboratorio
369.0,,06/04/2024,,Teórica
370.0,696.0,,Presente,Ayudantía
371.0,818.0,2024-04-08,Presente,
372.0,381.0,2024-04-09,ausente,Taller
,36.0,10/04/2024,Justificado,Taller
374.0,542.0,2024-04-11,Ausente,Ayudantía
,581.0,2024-04-12,Presente,Teórica
376.0,232.0,14/04/2024,Presente,Ayudantía
377.0,688.0,2024-04-15,PRESENTE,Laboratorio
378.0,790.0,2024-04-16,Tardanza,Ayudantía
379.0,33.0,2024-04-17,Presente,Taller
380.0,581.0,18/04/2024,Presente,Taller
381.0,352.0,2024-04-19,  Justificado  ,Laboratorio
382.0,255.0,2024-04-20,Presente,Ayudantía
383.0,50.0,2024-04-21,Justificado,Taller
384.0,23.0,22/04/2024,Justificado,Ayudantía
385.0,254.0,23/04/2024,Presente,Taller
386.0,,24/04/2024,Presente,Laboratorio
,676.0,2024-04-26,  Ausente  ,
388.0,882.0,,,Teórica
389.0,273.0,28/04/2024,Presente,Taller
390.0,693.0,2024-04-29,Presente,Taller
391.0,859.0,2024-04-30,Presente,Ayudantía
392.0,250.0,01/05/2024,PRESENTE,Teórica
393.0,237.0,2024-05-02,Presente,Ayudantía
394.0,232.0,2024-05-03,Presente,Taller
395.0,428.0,2024-05-04,,Teórica
396.0,634.0,,Presente,Ayudantía
397.0,242.0,2024-05-07,Presente,Taller
398.0,134.0,08/05/2024,Justificado,Ayudantía
399.0,71.0,2024-05-09,Presente,Ayudantía
400.0,858.0,2024-05-10,Tardanza,Taller
401.0,465.0,2024-05-11,Presente,Ayudantía
402.0,,2024-05-12,Presente,Ayudantía
403.0,310.0,2024-05-13,  Justificado  ,Teórica
404.0,279.0,2024-05-14,presente,Ayudantía
405.0,219.0,2024-05-15,  Presente  ,Laboratorio
406.0,697.0,2024-05-16,Presente,Taller
407.0,307.0,2024-05-17,PRESENTE,Ayudantía
408.0,314.0,2024-05-19,Presente,Taller
409.0,403.0,2024-05-20,Presente,Laboratorio
410.0,729.0,21/05/2024,Presente,Taller
411.0,488.0,2024-05-22,  Justificado  ,Laboratorio
412.0,793.0,2024-05-23,Justificado,Laboratorio
413.0,405.0,2024-05-24,Presente,Teórica
414.0,379.0,25/05/2024,  Justificado  ,Laboratorio
415.0,281.0,,Presente,Teórica
416.0,637.0,27/05/2024,,Ayudantía
417.0,691.0,2024-05-28,Justificado,Teórica
418.0,327.0,29/05/2024,Presente,Teórica
419.0,35.0,31/05/2024,Presente,Ayudantía
420.0,70.0,2024-06-01,Presente,Taller
421.0,360.0,02/06/2024,PRESENTE,Taller
422.0,690.0,03/06/2024,  Presente  ,Ayudantía
423.0,408.0,04/06/2024,justificado,Laboratorio
424.0,561.0,2024-06-05,PRESENTE,
425.0,580.0,06/06/2024,Presente,Taller
426.0,519.0,07/06/2024,Presente,Taller
427.0,606.0,2024-06-08,Justificado,Laboratorio
,,09/06/2024,Presente,Taller
429.0,81.0,11/06/2024,Presente,Taller
430.0,438.0,12/06/2024,justificado,Taller
431.0,250.0,13/06/2024,,Ayudantía
432.0,38.0,14/06/2024,Presente,Taller
433.0,862.0,2024-06-15,PRESENTE,Taller
434.0,45.0,2024-06-16,Presente,Ayudantía
435.0,359.0,2024-06-17,PRESENTE,Taller
436.0,137.0,18/06/2024,Presente,Laboratorio
437.0,823.0,2024-06-19,  Presente  ,Teórica
438.0,820.0,20/06/2024,Tardanza,Ayudantía
439.0,461.0,,Presente,Ayudantía
440.0,367.0,2024-06-23,Presente,Taller
441.0,305.0,2024-06-24,Justificado,Teórica
442.0,229.0,25/06/2024,,Laboratorio
443.0,183.0,26/06/2024,Presente,Laboratorio
444.0,467.0,2024-06-27,Presente,Teórica
445.0,838.0,,PRESENTE,Teórica
446.0,204.0,29/06/2024,Presente,Laboratorio
447.0,623.0,2024-06-30,Presente,Taller
448.0,,01/07/2024,Justificado,Teórica
449.0,68.0,,,Teórica
450.0,869.0,2024-07-03,Presente,Taller
451.0,550.0,2024-07-05,Presente,Ayudantía
452.0,710.0,06/07/2024,justificado,Teórica
453.0,305.0,2024-07-07,PRESENTE,Taller
454.0,604.0,2024-07-08,  Justificado  ,Laboratorio
455.0,,,Ausente,Ayudantía
456.0,755.0,10/07/2024,Presente,Teórica
457.0,628.0,11/07/2024,Presente,Taller
458.0,95.0,2024-07-12,Presente,
459.0,725.0,13/07/2024,Presente,Taller
460.0,246.0,2024-07-14,presente,Laboratorio
461.0,685.0,2024-07-16,Justificado,Teórica
462.0,797.0,17/07/2024,Ausente,Taller
,79.0,2024-07-18,Presente,Teórica
464.0,433.0,2024-07-19,Justificado,Taller
465.0,280.0,20/07/2024,  Ausente  ,Teórica
466.0,661.0,21/07/2024,Presente,Teórica
467.0,369.0,22/07/2024,Presente,Ayudantía
468.0,279.0,2024-07-23,PRESENTE,Taller
469.0,351.0,24/07/2024,Presente,Taller
470.0,226.0,2024-07-25,PRESENTE,Teórica
471.0,406.0,26/07/2024,Tardanza,Teórica
472.0,446.0,28/07/2024,Presente,Ayudantía
473.0,323.0,29/07/2024,Justificado,Laboratorio
474.0,630.0,,Presente,Taller
475.0,73.0,31/07/2024,  Presente  ,Teórica
,518.0,2024-08-01,Justificado,Ayudantía
477.0,321.0,02/08/2024,Presente,Teórica
478.0,22.0,03/08/2024,Justificado,Taller
479.0,179.0,04/08/2024,presente,Ayudantía
480.0,708.0,05/08/2024,Tardanza,Ayudantía
,109.0,06/08/2024,Presente,
482.0,372.0,07/08/2024,Presente,
483.0,697.0,2024-08-09,Ausente,Laboratorio
,,10/08/2024,Justificado,Laboratorio
485.0,567.0,2024-08-11,Presente,Taller
486.0,229.0,2024-08-12,Tardanza,Taller
487.0,531.0,2024-08-13,Ausente,Ayudantía
488.0,,14/08/2024,Presente,Taller
489.0,897.0,,Presente,Laboratorio
490.0,425.0,16/08/2024,Presente,Laboratorio
491.0,216.0,17/08/2024,Presente,Laboratorio
492.0,48.0,18/08/2024,Presente,Teórica
493.0,465.0,19/08/2024,,Laboratorio
,672.0,21/08/2024,Ausente,Laboratorio
495.0,273.0,2024-08-22,Presente,Taller
496.0,608.0,23/08/2024,PRESENTE,Laboratorio
497.0,30.0,,Tardanza,Laboratorio
498.0,633.0,25/08/2024,  Presente  ,Teórica
499.0,879.0,2024-08-26,  Presente  ,Laboratorio
500.0,866.0,2024-08-27,Ausente,Taller
501.0,190.0,2024-08-28,Justificado,
502.0,152.0,2024-08-29,tardanza,Ayudantía
503.0,376.0,2024-08-30,Tardanza,Laboratorio
504.0,255.0,2024-09-01,Tardanza,Laboratorio
505.0,703.0,02/09/2024,Presente,Laboratorio
,654.0,03/09/2024,  Presente  ,Ayudantía
507.0,758.0,04/09/2024,Presente,Teórica
508.0,34.0,2024-09-05,Presente,Teórica
509.0,187.0,06/09/2024,  Presente  ,Laboratorio
510.0,879.0,2024-09-07,Presente,Ayudantía
511.0,449.0,08/09/2024,PRESENTE,Taller
512.0,86.0,2024-09-09,  Presente  ,Ayudantía
513.0,673.0,2024-09-10,Presente,Laboratorio
514.0,876.0,11/09/2024,Presente,Ayudantía
515.0,118.0,2024-09-13,Justificado,Teórica
516.0,623.0,2024-09-14,  Ausente  ,
517.0,,2024-09-15,Tardanza,Teórica
518.0,,16/09/2024,PRESENTE,Taller
519.0,879.0,2024-09-17,Presente,Ayudantía
520.0,871.0,18/09/2024,Presente,Laboratorio
521.0,140.0,19/09/2024,Ausente,Laboratorio
522.0,458.0,20/09/2024,,Teórica
,706.0,2024-09-21,PRESENTE,Laboratorio
524.0,642.0,22/09/2024,Justificado,Taller
525.0,212.0,23/09/2024,PRESENTE,Ayudantía
526.0,486.0,2024-09-25,Presente,Taller
527.0,796.0,26/09/2024,Ausente,Ayudantía
528.0,120.0,27/09/2024,Presente,Ayudantía
529.0,891.0,2024-09-28,Presente,Ayudantía
530.0,554.0,29/09/2024,Presente,Laboratorio
531.0,3.0,2024-09-30,Justificado,
532.0,229.0,2024-10-01,Presente,Laboratorio
533.0,229.0,2024-10-02,Presente,Laboratorio
534.0,343.0,03/10/2024,Tardanza,Laboratorio
535.0,141.0,04/10/2024,Presente,Laboratorio
536.0,57.0,06/10/2024,Presente,Teórica
537.0,216.0,2024-10-07,Presente,Teórica
538.0,643.0,2024-10-08,,Teórica
539.0,114.0,2024-10-09,Presente,Taller
540.0,703.0,10/10/2024,Ausente,Taller
541.0,755.0,11/10/2024,  Tardanza  ,Taller
542.0,294.0,12/10/2024,Justificado,Ayudantía
543.0,827.0,13/10/2024,  Presente  ,Ayudantía
544.0,28.0,2024-10-14,Justificado,Taller
,538.0,2024-10-15,Ausente,Teórica
546.0,596.0,2024-10-16,Presente,Laboratorio
547.0,859.0,18/10/2024,Presente,Laboratorio
548.0,321.0,2024-10-19,Ausente,Laboratorio
549.0,842.0,2024-10-20,PRESENTE,Ayudantía
550.0,714.0,,Presente,Taller
551.0,573.0,2024-10-22,Ausente,Teórica
552.0,,2024-10-23,JUSTIFICADO,
553.0,758.0,24/10/2024,,
554.0,513.0,2024-10-25,Presente,
555.0,755.0,2024-10-26,Ausente,Ayudantía
556.0,32.0,27/10/2024,Ausente,Ayudantía
,747.0,28/10/2024,Tardanza,Ayudantía
558.0,,2024-10-30,AUSENTE,Ayudantía
559.0,397.0,31/10/2024,Ausente,Taller
560.0,17.0,2024-11-01,,Ayudantía
561.0,601.0,02/11/2024,Presente,Laboratorio
562.0,52.0,2024-11-03,Presente,Teórica
563.0,370.0,2024-11-04,Presente,Ayudantía
564.0,164.0,2024-11-05,Presente,Laboratorio
565.0,303.0,,Presente,Teórica
566.0,450.0,2024-11-07,Presente,
567.0,544.0,2024-11-08,Ausente,Ayudantía
568.0,710.0,2024-11-10,Justificado,Teórica
569.0,502.0,2024-11-11,Presente,Laboratorio
570.0,351.0,2024-11-12,Presente,Laboratorio
571.0,379.0,13/11/2024,Presente,Taller
572.0,439.0,2024-11-14,AUSENTE,Taller
,201.0,2024-11-15,Presente,Ayudantía
574.0,107.0,2024-11-16,Tardanza,Laboratorio
575.0,505.0,17/11/2024,Presente,Laboratorio
576.0,384.0,2024-11-18,Presente,Ayudantía
577.0,848.0,2024-11-19,Presente,Teórica
578.0,857.0,20/11/2024,PRESENTE,Teórica
579.0,296.0,2024-11-22,Justificado,Taller
580.0,28.0,2024-11-23,Tardanza,Ayudantía
581.0,337.0,24/11/2024,Presente,Teórica
582.0,287.0,25/11/2024,Justificado,Ayudantía
583.0,631.0,2024-11-26,  Presente  ,Laboratorio
584.0,343.0,2024-11-27,  Presente  ,Teórica
585.0,31.0,2024-11-28,justificado,Teórica
586.0,666.0,,PRESENTE,Teórica
587.0,772.0,2024-11-30,Presente,Laboratorio
,487.0,2024-12-01,Presente,Taller
589.0,619.0,2024-12-02,presente,Ayudantía
590.0,251.0,04/12/2024,Presente,Teórica
591.0,,2024-12-05,,Laboratorio
592.0,107.0,2024-12-06,Presente,Teórica
593.0,506.0,07/12/2024,Presente,Ayudantía
594.0,442.0,,Presente,Ayudantía
595.0,117.0,09/12/2024,  Presente  ,Teórica
596.0,245.0,2024-12-10,  Justificado  ,Laboratorio
597.0,79.0,2024-12-11,Tardanza,Teórica
598.0,741.0,12/12/2024,Tardanza,Laboratorio
599.0,486.0,13/12/2024,Presente,Taller
600.0,23.0,15/12/2024,Tardanza,Teórica
131.0,221.0,2023-07-21,Tardanza,Laboratorio
517.0,,2024-09-15,Tardanza,Teórica
301.0,288.0,23/01/2024,  Presente  ,Ayudantía
427.0,606.0,2024-06-08,Justificado,Laboratorio
116.0,441.0,04/07/2023,Justificado,
236.0,540.0,2023-11-12,Justificado,Laboratorio
563.0,370.0,2024-11-04,Presente,Ayudantía
13.0,103.0,14/03/2023,Tardanza,Laboratorio
218.0,417.0,24/10/2023,  Presente  ,Ayudantía
329.0,591.0,22/02/2024,presente,Laboratorio
68.0,41.0,2023-05-13,Presente,Teórica
391.0,859.0,2024-04-30,Presente,Ayudantía
92.0,478.0,2023-06-08,Presente,Teórica
104.0,393.0,21/06/2023,Justificado,Ayudantía
590.0,251.0,04/12/2024,Presente,Teórica
426.0,519.0,07/06/2024,Presente,Taller
304.0,846.0,2024-01-26,Presente,Ayudantía
379.0,33.0,2024-04-17,Presente,Taller
